gid,jud_code,jud_id,jud_lbl,jud_name,coldep,nume,prezenta,rebel,id_partid,partid,abv_partid
1,B,42.0000000000,BUCUREȘTI,JUDEȚUL MUNICIPIUL BUCUREȘTI,1,Bogdan Olteanu,53.2500000000,3.9600000000,31.0000000000,PARTIDUL NAȚIONAL LIBERAL,PNL
2,B,42.0000000000,BUCUREȘTI,JUDEȚUL MUNICIPIUL BUCUREȘTI,2,Daniel Stamate Budurescu,62.8700000000,11.6400000000,31.0000000000,PARTIDUL NAȚIONAL LIBERAL,PNL
3,B,42.0000000000,BUCUREȘTI,JUDEȚUL MUNICIPIUL BUCUREȘTI,3,Ludovic Orban,43.9200000000,16.6000000000,31.0000000000,PARTIDUL NAȚIONAL LIBERAL,PNL
4,B,42.0000000000,BUCUREȘTI,JUDEȚUL MUNICIPIUL BUCUREȘTI,4,Costică Canacheu,69.4500000000,0.8800000000,15.0000000000,PARTIDUL DEMOCRAT LIBERAL,PDL
5,B,42.0000000000,BUCUREȘTI,JUDEȚUL MUNICIPIUL BUCUREȘTI,5,Georgian Pop,51.9300000000,1.4600000000,61.0000000000,PARTIDUL SOCIAL DEMOCRAT,PSD
6,B,42.0000000000,BUCUREȘTI,JUDEȚUL MUNICIPIUL BUCUREȘTI,6,Rodica Nassar,63.3300000000,2.0800000000,61.0000000000,PARTIDUL SOCIAL DEMOCRAT,PSD
7,B,42.0000000000,BUCUREȘTI,JUDEȚUL MUNICIPIUL BUCUREȘTI,7,Florian Popa,40.4200000000,3.7900000000,61.0000000000,PARTIDUL SOCIAL DEMOCRAT,PSD
8,B,42.0000000000,BUCUREȘTI,JUDEȚUL MUNICIPIUL BUCUREȘTI,8,Cornelia Brandusa Novac,52.3600000000,1.1600000000,15.0000000000,PARTIDUL DEMOCRAT LIBERAL,PDL
9,B,42.0000000000,BUCUREȘTI,JUDEȚUL MUNICIPIUL BUCUREȘTI,9,Theodor Paleologu,43.5100000000,1.2600000000,15.0000000000,PARTIDUL DEMOCRAT LIBERAL,PDL
10,B,42.0000000000,BUCUREȘTI,JUDEȚUL MUNICIPIUL BUCUREȘTI,10,Catalin Croitoru,56.2600000000,6.6800000000,61.0000000000,PARTIDUL SOCIAL DEMOCRAT,PSD
11,B,42.0000000000,BUCUREȘTI,JUDEȚUL MUNICIPIUL BUCUREȘTI,11,Sulfina Barbu,73.1700000000,0.7600000000,15.0000000000,PARTIDUL DEMOCRAT LIBERAL,PDL
12,B,42.0000000000,BUCUREȘTI,JUDEȚUL MUNICIPIUL BUCUREȘTI,12,Cristian Petrescu,78.2500000000,1.6800000000,15.0000000000,PARTIDUL DEMOCRAT LIBERAL,PDL
13,B,42.0000000000,BUCUREȘTI,JUDEȚUL MUNICIPIUL BUCUREȘTI,13,Stefan Daniel Pirpiliu,66.5600000000,0.6300000000,15.0000000000,PARTIDUL DEMOCRAT LIBERAL,PDL
14,B,42.0000000000,BUCUREȘTI,JUDEȚUL MUNICIPIUL BUCUREȘTI,14,Dan Radu Zatreanu,67.0200000000,3.4800000000,15.0000000000,PARTIDUL DEMOCRAT LIBERAL,PDL
15,B,42.0000000000,BUCUREȘTI,JUDEȚUL MUNICIPIUL BUCUREȘTI,15,Silviu Prigoana,55.8000000000,3.2800000000,15.0000000000,PARTIDUL DEMOCRAT LIBERAL,PDL
16,B,42.0000000000,BUCUREȘTI,JUDEȚUL MUNICIPIUL BUCUREȘTI,16,Sergiu Andon,40.8100000000,4.3900000000,31.0000000000,PARTIDUL NAȚIONAL LIBERAL,PNL
17,B,42.0000000000,BUCUREȘTI,JUDEȚUL MUNICIPIUL BUCUREȘTI,17,Florina Ruxandra Jipa,35.2500000000,2.3900000000,61.0000000000,PARTIDUL SOCIAL DEMOCRAT,PSD
18,B,42.0000000000,BUCUREȘTI,JUDEȚUL MUNICIPIUL BUCUREȘTI,18,Doina Burcau,63.3000000000,0.1700000000,61.0000000000,PARTIDUL SOCIAL DEMOCRAT,PSD
19,B,42.0000000000,BUCUREȘTI,JUDEȚUL MUNICIPIUL BUCUREȘTI,19,Teo Trandafir,27.8600000000,0.2300000000,15.0000000000,PARTIDUL DEMOCRAT LIBERAL,PDL
20,B,42.0000000000,BUCUREȘTI,JUDEȚUL MUNICIPIUL BUCUREȘTI,20,Oana Mizil,28.0300000000,0.0000000000,999.0000000000,CANDIDAT INDEPENDENT,CI
21,B,42.0000000000,BUCUREȘTI,JUDEȚUL MUNICIPIUL BUCUREȘTI,21,Dumitru Chirita,34.9900000000,1.8600000000,61.0000000000,PARTIDUL SOCIAL DEMOCRAT,PSD
22,B,42.0000000000,BUCUREȘTI,JUDEȚUL MUNICIPIUL BUCUREȘTI,22,Alina Stefania Gorghiu,62.3300000000,1.1200000000,31.0000000000,PARTIDUL NAȚIONAL LIBERAL,PNL
23,B,42.0000000000,BUCUREȘTI,JUDEȚUL MUNICIPIUL BUCUREȘTI,23,Aura Vasile,54.4500000000,0.0000000000,999.0000000000,CANDIDAT INDEPENDENT,CI
24,B,42.0000000000,BUCUREȘTI,JUDEȚUL MUNICIPIUL BUCUREȘTI,24,Florian Daniel Geantă,67.5800000000,0.6400000000,15.0000000000,PARTIDUL DEMOCRAT LIBERAL,PDL
25,B,42.0000000000,BUCUREȘTI,JUDEȚUL MUNICIPIUL BUCUREȘTI,25,Elena Udrea,14.5400000000,0.2100000000,15.0000000000,PARTIDUL DEMOCRAT LIBERAL,PDL
26,B,42.0000000000,BUCUREȘTI,JUDEȚUL MUNICIPIUL BUCUREȘTI,26,Damian Florea,50.7500000000,4.2500000000,31.0000000000,PARTIDUL NAȚIONAL LIBERAL,PNL
27,B,42.0000000000,BUCUREȘTI,JUDEȚUL MUNICIPIUL BUCUREȘTI,27,Cornel Pieptea,68.2000000000,5.6400000000,31.0000000000,PARTIDUL NAȚIONAL LIBERAL,PNL
28,B,42.0000000000,BUCUREȘTI,JUDEȚUL MUNICIPIUL BUCUREȘTI,28,Dănuţ Liga,61.9700000000,0.8200000000,15.0000000000,PARTIDUL DEMOCRAT LIBERAL,PDL
29,AB,1.0000000000,ALBA,JUDEȚUL ALBA,1,Călin Potor,57.9700000000,2.0400000000,31.0000000000,PARTIDUL NAȚIONAL LIBERAL,PNL
30,AB,1.0000000000,ALBA,JUDEȚUL ALBA,2,Clement Negruț,69.2200000000,2.2800000000,15.0000000000,PARTIDUL DEMOCRAT LIBERAL,PDL
31,AB,1.0000000000,ALBA,JUDEȚUL ALBA,3,Teodor Atanasiu,40.9800000000,2.8800000000,31.0000000000,PARTIDUL NAȚIONAL LIBERAL,PNL
32,AB,1.0000000000,ALBA,JUDEȚUL ALBA,4,Radu Eugeniu Coclici,66.8200000000,0.2200000000,61.0000000000,PARTIDUL SOCIAL DEMOCRAT,PSD
33,AB,1.0000000000,ALBA,JUDEȚUL ALBA,5,Corneliu Olar,63.3000000000,0.7400000000,15.0000000000,PARTIDUL DEMOCRAT LIBERAL,PDL
34,AG,3.0000000000,ARGEȘ,JUDEȚUL ARGEȘ,1,Sorin Gheorghe Buta,54.3200000000,1.6800000000,15.0000000000,PARTIDUL DEMOCRAT LIBERAL,PDL
35,AG,3.0000000000,ARGEȘ,JUDEȚUL ARGEȘ,2,Mircea Gheorghe Drăghici,59.8600000000,4.6600000000,61.0000000000,PARTIDUL SOCIAL DEMOCRAT,PSD
36,AG,3.0000000000,ARGEȘ,JUDEȚUL ARGEȘ,3,Ion Burnei,48.7400000000,3.6200000000,61.0000000000,PARTIDUL SOCIAL DEMOCRAT,PSD
37,AG,3.0000000000,ARGEȘ,JUDEȚUL ARGEȘ,4,Sorin Andi Pandele,56.4900000000,0.2700000000,15.0000000000,PARTIDUL DEMOCRAT LIBERAL,PDL
38,AG,3.0000000000,ARGEȘ,JUDEȚUL ARGEȘ,5,Filip Georgescu,38.5100000000,5.3000000000,61.0000000000,PARTIDUL SOCIAL DEMOCRAT,PSD
39,AG,3.0000000000,ARGEȘ,JUDEȚUL ARGEȘ,6,Radu Costin Vasilică,55.7800000000,25.3300000000,61.0000000000,PARTIDUL SOCIAL DEMOCRAT,PSD
40,AG,3.0000000000,ARGEȘ,JUDEȚUL ARGEȘ,7,Bogdan Niculescu-Duvăz,35.1200000000,1.3000000000,61.0000000000,PARTIDUL SOCIAL DEMOCRAT,PSD
41,AG,3.0000000000,ARGEȘ,JUDEȚUL ARGEȘ,8,Andrei Dominic Gerea,44.1200000000,0.6100000000,31.0000000000,PARTIDUL NAȚIONAL LIBERAL,PNL
42,AG,3.0000000000,ARGEȘ,JUDEȚUL ARGEȘ,9,Cristian Alexandru Boureanu,40.5300000000,1.6800000000,15.0000000000,PARTIDUL DEMOCRAT LIBERAL,PDL
43,AR,2.0000000000,ARAD,JUDEȚUL ARAD,1,Tipei Lucian Riviș,66.6200000000,0.4400000000,15.0000000000,PARTIDUL DEMOCRAT LIBERAL,PDL
44,AR,2.0000000000,ARAD,JUDEȚUL ARAD,2,Claudia Boghicevici,70.5900000000,0.4900000000,15.0000000000,PARTIDUL DEMOCRAT LIBERAL,PDL
45,AR,2.0000000000,ARAD,JUDEȚUL ARAD,3,Adrian Henorel Nițu,78.3000000000,0.5100000000,15.0000000000,PARTIDUL DEMOCRAT LIBERAL,PDL
46,AR,2.0000000000,ARAD,JUDEȚUL ARAD,4,Mihăiţă Calimente,57.1800000000,6.7800000000,31.0000000000,PARTIDUL NAȚIONAL LIBERAL,PNL
47,AR,2.0000000000,ARAD,JUDEȚUL ARAD,5,Ciprian Florin Luca,60.8500000000,0.8000000000,61.0000000000,PARTIDUL SOCIAL DEMOCRAT,PSD
48,AR,2.0000000000,ARAD,JUDEȚUL ARAD,6,Marius Sorin Gondor,71.8400000000,1.1800000000,15.0000000000,PARTIDUL DEMOCRAT LIBERAL,PDL
49,AR,2.0000000000,ARAD,JUDEȚUL ARAD,7,Arghir Iustin Marinel Cionca,81.9900000000,0.1500000000,15.0000000000,PARTIDUL DEMOCRAT LIBERAL,PDL
50,BC,4.0000000000,BACĂU,JUDEȚUL BACĂU,1,Tudor Alexandru Chiuariu,37.5200000000,5.0700000000,31.0000000000,PARTIDUL NAȚIONAL LIBERAL,PNL
51,BC,4.0000000000,BACĂU,JUDEȚUL BACĂU,2,Adrian Popescu,67.0200000000,1.1300000000,15.0000000000,PARTIDUL DEMOCRAT LIBERAL,PDL
52,BC,4.0000000000,BACĂU,JUDEȚUL BACĂU,3,Ionel Palăr,47.7700000000,1.0000000000,31.0000000000,PARTIDUL NAȚIONAL LIBERAL,PNL
53,BC,4.0000000000,BACĂU,JUDEȚUL BACĂU,4,Gheorghe Antochi,66.4400000000,1.2100000000,61.0000000000,PARTIDUL SOCIAL DEMOCRAT,PSD
54,BC,4.0000000000,BACĂU,JUDEȚUL BACĂU,5,Mihai Banu,48.7900000000,5.1800000000,15.0000000000,PARTIDUL DEMOCRAT LIBERAL,PDL
55,BC,4.0000000000,BACĂU,JUDEȚUL BACĂU,6,Valerian Vreme,51.5200000000,2.0500000000,15.0000000000,PARTIDUL DEMOCRAT LIBERAL,PDL
56,BC,4.0000000000,BACĂU,JUDEȚUL BACĂU,7,Vasile Gherasim,72.3800000000,1.5300000000,15.0000000000,PARTIDUL DEMOCRAT LIBERAL,PDL
57,BC,4.0000000000,BACĂU,JUDEȚUL BACĂU,8,Iulian Iancu,39.3000000000,1.0400000000,61.0000000000,PARTIDUL SOCIAL DEMOCRAT,PSD
58,BC,4.0000000000,BACĂU,JUDEȚUL BACĂU,9,Viorel Hrebenciuc,18.3100000000,1.5400000000,61.0000000000,PARTIDUL SOCIAL DEMOCRAT,PSD
59,BC,4.0000000000,BACĂU,JUDEȚUL BACĂU,10,Gabriel Vlase,39.0500000000,1.8100000000,61.0000000000,PARTIDUL SOCIAL DEMOCRAT,PSD
60,BH,5.0000000000,BIHOR,JUDEȚUL BIHOR,1,Âkos Derzsi,63.1500000000,1.3200000000,38.0000000000,UNIUNEA DEMOCRATĂ MAGHIARĂ DIN ROMÂNIA,UDMR
61,BH,5.0000000000,BIHOR,JUDEȚUL BIHOR,2,Petru Lakatos,55.7300000000,2.2400000000,38.0000000000,UNIUNEA DEMOCRATĂ MAGHIARĂ DIN ROMÂNIA,UDMR
62,BH,5.0000000000,BIHOR,JUDEȚUL BIHOR,3,Lucia Ana Varga,57.8400000000,3.4900000000,31.0000000000,PARTIDUL NAȚIONAL LIBERAL,PNL
63,BH,5.0000000000,BIHOR,JUDEȚUL BIHOR,4,Nicolae Jolta,40.6300000000,1.4200000000,15.0000000000,PARTIDUL DEMOCRAT LIBERAL,PDL
64,BH,5.0000000000,BIHOR,JUDEȚUL BIHOR,5,Ștefan Seremi,75.6200000000,0.4800000000,15.0000000000,PARTIDUL DEMOCRAT LIBERAL,PDL
65,BH,5.0000000000,BIHOR,JUDEȚUL BIHOR,6,Ioan Sorin Roman,56.6700000000,0.6900000000,61.0000000000,PARTIDUL SOCIAL DEMOCRAT,PSD
66,BH,5.0000000000,BIHOR,JUDEȚUL BIHOR,7,Sonia Maria Drăghici,65.6200000000,2.9900000000,61.0000000000,PARTIDUL SOCIAL DEMOCRAT,PSD
67,BH,5.0000000000,BIHOR,JUDEȚUL BIHOR,8,Csilla Pető,66.6900000000,0.7200000000,38.0000000000,UNIUNEA DEMOCRATĂ MAGHIARĂ DIN ROMÂNIA,UDMR
68,BH,5.0000000000,BIHOR,JUDEȚUL BIHOR,9,Octavian Bot,39.0200000000,3.7800000000,31.0000000000,PARTIDUL NAȚIONAL LIBERAL,PNL
69,BN,6.0000000000,BISTRIȚA-NĂSĂUD,JUDEȚUL BISTRIȚA-NĂSĂUD,1,Ioan Nelu Botiș,70.1100000000,0.9700000000,15.0000000000,PARTIDUL DEMOCRAT LIBERAL,PDL
70,BN,6.0000000000,BISTRIȚA-NĂSĂUD,JUDEȚUL BISTRIȚA-NĂSĂUD,2,Radu Moldovan,43.9700000000,2.1800000000,61.0000000000,PARTIDUL SOCIAL DEMOCRAT,PSD
71,BN,6.0000000000,BISTRIȚA-NĂSĂUD,JUDEȚUL BISTRIȚA-NĂSĂUD,3,Ioan Oltean,62.0200000000,1.1700000000,15.0000000000,PARTIDUL DEMOCRAT LIBERAL,PDL
72,BN,6.0000000000,BISTRIȚA-NĂSĂUD,JUDEȚUL BISTRIȚA-NĂSĂUD,4,Ioan Tintean,41.4900000000,2.4000000000,31.0000000000,PARTIDUL NAȚIONAL LIBERAL,PNL
73,BR,9.0000000000,BRĂILA,JUDEȚUL BRĂILA,1,Adriana Diana Tusa,37.6700000000,2.7000000000,31.0000000000,PARTIDUL NAȚIONAL LIBERAL,PNL
74,BR,9.0000000000,BRĂILA,JUDEȚUL BRĂILA,2,Eugen Bădălan,73.8300000000,1.0200000000,15.0000000000,PARTIDUL DEMOCRAT LIBERAL,PDL
75,BR,9.0000000000,BRĂILA,JUDEȚUL BRĂILA,3,Viorel Balcan,65.5200000000,0.4000000000,15.0000000000,PARTIDUL DEMOCRAT LIBERAL,PDL
76,BR,9.0000000000,BRĂILA,JUDEȚUL BRĂILA,4,Mihai Tudose,39.3800000000,2.2300000000,61.0000000000,PARTIDUL SOCIAL DEMOCRAT,PSD
77,BR,9.0000000000,BRĂILA,JUDEȚUL BRĂILA,5,Cristian Rizea,32.4400000000,1.3200000000,61.0000000000,PARTIDUL SOCIAL DEMOCRAT,PSD
78,BT,7.0000000000,BOTOȘANI,JUDEȚUL BOTOȘANI,1,Neculai Rebenciuc,55.8500000000,5.9900000000,15.0000000000,PARTIDUL DEMOCRAT LIBERAL,PDL
79,BT,7.0000000000,BOTOȘANI,JUDEȚUL BOTOȘANI,2,Andrei Dolineaschi,46.8800000000,0.5600000000,61.0000000000,PARTIDUL SOCIAL DEMOCRAT,PSD
80,BT,7.0000000000,BOTOȘANI,JUDEȚUL BOTOȘANI,3,Florin Turcanu,33.0800000000,2.8400000000,31.0000000000,PARTIDUL NAȚIONAL LIBERAL,PNL
81,BT,7.0000000000,BOTOȘANI,JUDEȚUL BOTOȘANI,4,Strugaru Stelică Iacob,52.7900000000,0.4500000000,15.0000000000,PARTIDUL DEMOCRAT LIBERAL,PDL
82,BT,7.0000000000,BOTOȘANI,JUDEȚUL BOTOȘANI,5,Costică Macaleţi,52.3300000000,0.4300000000,61.0000000000,PARTIDUL SOCIAL DEMOCRAT,PSD
83,BT,7.0000000000,BOTOȘANI,JUDEȚUL BOTOȘANI,6,Obuf Cătălin Ovidiu Buhăianu,42.1600000000,0.4800000000,61.0000000000,PARTIDUL SOCIAL DEMOCRAT,PSD
84,BV,8.0000000000,BRAȘOV,JUDEȚUL BRAȘOV,1,Gheorghe Gabor,67.4600000000,1.1100000000,31.0000000000,PARTIDUL NAȚIONAL LIBERAL,PNL
85,BV,8.0000000000,BRAȘOV,JUDEȚUL BRAȘOV,2,Constantin Niţă,25.4300000000,0.3800000000,61.0000000000,PARTIDUL SOCIAL DEMOCRAT,PSD
86,BV,8.0000000000,BRAȘOV,JUDEȚUL BRAȘOV,3,Mihai Aurel Dontu,53.0000000000,1.6300000000,31.0000000000,PARTIDUL NAȚIONAL LIBERAL,PNL
87,BV,8.0000000000,BRAȘOV,JUDEȚUL BRAȘOV,4,Nicolescu Gabriel Tița,41.5500000000,7.6600000000,15.0000000000,PARTIDUL DEMOCRAT LIBERAL,PDL
88,BV,8.0000000000,BRAȘOV,JUDEȚUL BRAȘOV,5,Gabriel Andronache,82.9600000000,2.2200000000,15.0000000000,PARTIDUL DEMOCRAT LIBERAL,PDL
89,BV,8.0000000000,BRAȘOV,JUDEȚUL BRAȘOV,6,Anna Lili Farkas,80.3600000000,1.1000000000,38.0000000000,UNIUNEA DEMOCRATĂ MAGHIARĂ DIN ROMÂNIA,UDMR
90,BV,8.0000000000,BRAȘOV,JUDEȚUL BRAȘOV,7,Florin Postolachi,67.9400000000,3.2000000000,15.0000000000,PARTIDUL DEMOCRAT LIBERAL,PDL
91,BV,8.0000000000,BRAȘOV,JUDEȚUL BRAȘOV,8,Gheorghe Ialomițianu,48.7900000000,2.1000000000,15.0000000000,PARTIDUL DEMOCRAT LIBERAL,PDL
92,BZ,10.0000000000,BUZĂU,JUDEȚUL BUZĂU,1,Adrian George Scutaru,48.2800000000,3.3400000000,31.0000000000,PARTIDUL NAȚIONAL LIBERAL,PNL
93,BZ,10.0000000000,BUZĂU,JUDEȚUL BUZĂU,2,Adrian Mocanu,30.7800000000,3.3900000000,61.0000000000,PARTIDUL SOCIAL DEMOCRAT,PSD
94,BZ,10.0000000000,BUZĂU,JUDEȚUL BUZĂU,3,Titi Holban,57.4900000000,3.2100000000,31.0000000000,PARTIDUL NAȚIONAL LIBERAL,PNL
95,BZ,10.0000000000,BUZĂU,JUDEȚUL BUZĂU,4,Valeriu Alecu,67.0200000000,0.8200000000,15.0000000000,PARTIDUL DEMOCRAT LIBERAL,PDL
96,BZ,10.0000000000,BUZĂU,JUDEȚUL BUZĂU,5,Marian Ghiveciu,53.6300000000,2.2700000000,61.0000000000,PARTIDUL SOCIAL DEMOCRAT,PSD
97,BZ,10.0000000000,BUZĂU,JUDEȚUL BUZĂU,6,Carmen Moldovan,45.6300000000,2.0400000000,61.0000000000,PARTIDUL SOCIAL DEMOCRAT,PSD
98,BZ,10.0000000000,BUZĂU,JUDEȚUL BUZĂU,7,Cezar Preda,49.0400000000,2.5200000000,15.0000000000,PARTIDUL DEMOCRAT LIBERAL,PDL
99,CJ,13.0000000000,CLUJ,JUDEȚUL CLUJ,1,Mircia Giurgiu,62.8700000000,0.0000000000,999.0000000000,CANDIDAT INDEPENDENT,CI
100,CJ,13.0000000000,CLUJ,JUDEȚUL CLUJ,2,Daniel Buda,62.1800000000,1.1900000000,15.0000000000,PARTIDUL DEMOCRAT LIBERAL,PDL
101,CJ,13.0000000000,CLUJ,JUDEȚUL CLUJ,3,Petru Călian,71.3100000000,1.7000000000,15.0000000000,PARTIDUL DEMOCRAT LIBERAL,PDL
102,CJ,13.0000000000,CLUJ,JUDEȚUL CLUJ,4,Adrian Gurzău,67.8700000000,1.3200000000,15.0000000000,PARTIDUL DEMOCRAT LIBERAL,PDL
103,CJ,13.0000000000,CLUJ,JUDEȚUL CLUJ,5,Horea Dorin Uioreanu,47.6400000000,1.2000000000,31.0000000000,PARTIDUL NAȚIONAL LIBERAL,PNL
104,CJ,13.0000000000,CLUJ,JUDEȚUL CLUJ,6,Cornel Itu,64.4500000000,0.8500000000,61.0000000000,PARTIDUL SOCIAL DEMOCRAT,PSD
105,CJ,13.0000000000,CLUJ,JUDEȚUL CLUJ,7,Vasile Filip Soporan,58.3300000000,0.0000000000,999.0000000000,CANDIDAT INDEPENDENT,CI
106,CJ,13.0000000000,CLUJ,JUDEȚUL CLUJ,8,Virgil Pop,40.5500000000,1.5800000000,31.0000000000,PARTIDUL NAȚIONAL LIBERAL,PNL
107,CJ,13.0000000000,CLUJ,JUDEȚUL CLUJ,9,Mózes Zoltán Pálfi,51.8500000000,1.6600000000,38.0000000000,UNIUNEA DEMOCRATĂ MAGHIARĂ DIN ROMÂNIA,UDMR
108,CJ,13.0000000000,CLUJ,JUDEȚUL CLUJ,10,András-Levente Máté,72.8400000000,0.8400000000,38.0000000000,UNIUNEA DEMOCRATĂ MAGHIARĂ DIN ROMÂNIA,UDMR
109,CL,12.0000000000,CĂLĂRAȘI,JUDEȚUL CĂLĂRAȘI,1,Gheorghe-Eugen Nicolăescu,62.5900000000,1.4200000000,31.0000000000,PARTIDUL NAȚIONAL LIBERAL,PNL
110,CL,12.0000000000,CĂLĂRAȘI,JUDEȚUL CĂLĂRAȘI,2,Ioan Damian,58.3300000000,1.1900000000,61.0000000000,PARTIDUL SOCIAL DEMOCRAT,PSD
111,CL,12.0000000000,CĂLĂRAȘI,JUDEȚUL CĂLĂRAȘI,3,Dan Ştefan Motreanu,51.5900000000,4.9200000000,31.0000000000,PARTIDUL NAȚIONAL LIBERAL,PNL
112,CL,12.0000000000,CĂLĂRAȘI,JUDEȚUL CĂLĂRAȘI,4,Stelian Fuia,54.2200000000,0.9700000000,15.0000000000,PARTIDUL DEMOCRAT LIBERAL,PDL
113,CL,12.0000000000,CĂLĂRAȘI,JUDEȚUL CĂLĂRAȘI,5,Dumitru Boabeș,58.0500000000,0.8500000000,61.0000000000,PARTIDUL SOCIAL DEMOCRAT,PSD
114,CS,11.0000000000,CARAȘ-SEVERIN,JUDEȚUL CARAȘ-SEVERIN,1,Ioan Narcis Chisăliță,24.5100000000,1.1000000000,61.0000000000,PARTIDUL SOCIAL DEMOCRAT,PSD
115,CS,11.0000000000,CARAȘ-SEVERIN,JUDEȚUL CARAȘ-SEVERIN,2,Gheorghe Hogea,82.9900000000,0.1900000000,31.0000000000,PARTIDUL NAȚIONAL LIBERAL,PNL
116,CS,11.0000000000,CARAȘ-SEVERIN,JUDEȚUL CARAȘ-SEVERIN,3,Ion Tabugan,54.3000000000,0.0000000000,999.0000000000,CANDIDAT INDEPENDENT,CI
117,CS,11.0000000000,CARAȘ-SEVERIN,JUDEȚUL CARAȘ-SEVERIN,4,Valentin Rusu,71.1000000000,0.3500000000,31.0000000000,PARTIDUL NAȚIONAL LIBERAL,PNL
118,CS,11.0000000000,CARAȘ-SEVERIN,JUDEȚUL CARAȘ-SEVERIN,5,Ion Mocioalcă,33.1000000000,1.7800000000,61.0000000000,PARTIDUL SOCIAL DEMOCRAT,PSD
119,CT,14.0000000000,CONSTANȚA,JUDEȚUL CONSTANȚA,1,Gheorghe Dragomir,67.8400000000,0.3200000000,31.0000000000,PARTIDUL NAȚIONAL LIBERAL,PNL
120,CT,14.0000000000,CONSTANȚA,JUDEȚUL CONSTANȚA,2,Mihai Lupu,33.8900000000,3.1600000000,31.0000000000,PARTIDUL NAȚIONAL LIBERAL,PNL
121,CT,14.0000000000,CONSTANȚA,JUDEȚUL CONSTANȚA,3,Ileana Cristina Dumitrache,35.1400000000,3.7900000000,61.0000000000,PARTIDUL SOCIAL DEMOCRAT,PSD
122,CT,14.0000000000,CONSTANȚA,JUDEȚUL CONSTANȚA,4,Constantin Chirilă,75.6400000000,0.9600000000,15.0000000000,PARTIDUL DEMOCRAT LIBERAL,PDL
123,CT,14.0000000000,CONSTANȚA,JUDEȚUL CONSTANȚA,5,Zanfir Iorguș,59.8800000000,7.3000000000,15.0000000000,PARTIDUL DEMOCRAT LIBERAL,PDL
124,CT,14.0000000000,CONSTANȚA,JUDEȚUL CONSTANȚA,6,Eduard-Stelian Martin,35.1200000000,2.8100000000,61.0000000000,PARTIDUL SOCIAL DEMOCRAT,PSD
125,CT,14.0000000000,CONSTANȚA,JUDEȚUL CONSTANȚA,7,Matei Radu Brătianu,50.6000000000,11.3700000000,61.0000000000,PARTIDUL SOCIAL DEMOCRAT,PSD
126,CT,14.0000000000,CONSTANȚA,JUDEȚUL CONSTANȚA,8,Manuela Mitrea,48.7400000000,5.1600000000,61.0000000000,PARTIDUL SOCIAL DEMOCRAT,PSD
127,CT,14.0000000000,CONSTANȚA,JUDEȚUL CONSTANȚA,9,Antonella Marinescu,48.0200000000,0.5700000000,61.0000000000,PARTIDUL SOCIAL DEMOCRAT,PSD
128,CT,14.0000000000,CONSTANȚA,JUDEȚUL CONSTANȚA,10,Maria Stavrositu,51.3100000000,3.0700000000,15.0000000000,PARTIDUL DEMOCRAT LIBERAL,PDL
129,CV,15.0000000000,COVASNA,JUDEȚUL COVASNA,1,András György Édler,68.7100000000,6.3300000000,38.0000000000,UNIUNEA DEMOCRATĂ MAGHIARĂ DIN ROMÂNIA,UDMR
130,CV,15.0000000000,COVASNA,JUDEȚUL COVASNA,2,Árpád-Francisc Márton,82.2000000000,7.4200000000,38.0000000000,UNIUNEA DEMOCRATĂ MAGHIARĂ DIN ROMÂNIA,UDMR
131,CV,15.0000000000,COVASNA,JUDEȚUL COVASNA,3,Gergely Olosz,55.8500000000,1.9900000000,38.0000000000,UNIUNEA DEMOCRATĂ MAGHIARĂ DIN ROMÂNIA,UDMR
132,CV,15.0000000000,COVASNA,JUDEȚUL COVASNA,4,Horia Grama,61.2100000000,2.2700000000,61.0000000000,PARTIDUL SOCIAL DEMOCRAT,PSD
133,DB,16.0000000000,DÂMBOVIȚA,JUDEȚUL DÂMBOVIȚA,1,Gabriel Plăiaşu,34.9700000000,2.5200000000,31.0000000000,PARTIDUL NAȚIONAL LIBERAL,PNL
134,DB,16.0000000000,DÂMBOVIȚA,JUDEȚUL DÂMBOVIȚA,2,Gheorghe Ana,59.1400000000,12.7100000000,61.0000000000,PARTIDUL SOCIAL DEMOCRAT,PSD
135,DB,16.0000000000,DÂMBOVIȚA,JUDEȚUL DÂMBOVIȚA,3,Ion Stan,36.3400000000,16.3100000000,61.0000000000,PARTIDUL SOCIAL DEMOCRAT,PSD
136,DB,16.0000000000,DÂMBOVIȚA,JUDEȚUL DÂMBOVIȚA,4,Gheorghe Albu,61.2100000000,0.3400000000,15.0000000000,PARTIDUL DEMOCRAT LIBERAL,PDL
137,DB,16.0000000000,DÂMBOVIȚA,JUDEȚUL DÂMBOVIȚA,5,Georgică Dumitru,67.4100000000,0.9400000000,31.0000000000,PARTIDUL NAȚIONAL LIBERAL,PNL
138,DB,16.0000000000,DÂMBOVIȚA,JUDEȚUL DÂMBOVIȚA,6,Ion Dumitru,52.9700000000,4.2100000000,61.0000000000,PARTIDUL SOCIAL DEMOCRAT,PSD
139,DB,16.0000000000,DÂMBOVIȚA,JUDEȚUL DÂMBOVIȚA,7,Bogdan Cantaragiu,52.0000000000,0.7900000000,15.0000000000,PARTIDUL DEMOCRAT LIBERAL,PDL
140,DB,16.0000000000,DÂMBOVIȚA,JUDEȚUL DÂMBOVIȚA,8,Iulian Vladu,72.2800000000,0.6500000000,15.0000000000,PARTIDUL DEMOCRAT LIBERAL,PDL
141,DJ,17.0000000000,DOLJ,JUDEȚUL DOLJ,1,Mihai Surpățeanu,79.8500000000,1.9200000000,15.0000000000,PARTIDUL DEMOCRAT LIBERAL,PDL
142,DJ,17.0000000000,DOLJ,JUDEȚUL DOLJ,2,Constantin Dascălu,76.8900000000,1.8800000000,15.0000000000,PARTIDUL DEMOCRAT LIBERAL,PDL
143,DJ,17.0000000000,DOLJ,JUDEȚUL DOLJ,3,Ionut Marian Stroe,50.0600000000,3.0400000000,31.0000000000,PARTIDUL NAȚIONAL LIBERAL,PNL
144,DJ,17.0000000000,DOLJ,JUDEȚUL DOLJ,4,Florentin Gust-Băloșin,34.2300000000,7.1200000000,61.0000000000,PARTIDUL SOCIAL DEMOCRAT,PSD
145,DJ,17.0000000000,DOLJ,JUDEȚUL DOLJ,5,Petre Petrescu,39.2200000000,1.1500000000,61.0000000000,PARTIDUL SOCIAL DEMOCRAT,PSD
146,DJ,17.0000000000,DOLJ,JUDEȚUL DOLJ,6,Iulian Claudiu Manda,33.6100000000,2.2200000000,61.0000000000,PARTIDUL SOCIAL DEMOCRAT,PSD
147,DJ,17.0000000000,DOLJ,JUDEȚUL DOLJ,7,Mihai Voicu,49.0900000000,4.8500000000,31.0000000000,PARTIDUL NAȚIONAL LIBERAL,PNL
148,DJ,17.0000000000,DOLJ,JUDEȚUL DOLJ,8,Gelu Vişan,62.6100000000,0.3400000000,15.0000000000,PARTIDUL DEMOCRAT LIBERAL,PDL
149,DJ,17.0000000000,DOLJ,JUDEȚUL DOLJ,9,Valeriu Ştefan Zgonea,32.9500000000,1.8100000000,61.0000000000,PARTIDUL SOCIAL DEMOCRAT,PSD
150,DJ,17.0000000000,DOLJ,JUDEȚUL DOLJ,10,Ion Călin,65.9300000000,0.6900000000,61.0000000000,PARTIDUL SOCIAL DEMOCRAT,PSD
151,GJ,20.0000000000,GORJ,JUDEȚUL GORJ,1,Dan Ilie Morega,44.8600000000,0.0000000000,999.0000000000,CANDIDAT INDEPENDENT,CI
152,GJ,20.0000000000,GORJ,JUDEȚUL GORJ,2,Mugurel Surupăceanu,33.8200000000,1.5400000000,61.0000000000,PARTIDUL SOCIAL DEMOCRAT,PSD
153,GJ,20.0000000000,GORJ,JUDEȚUL GORJ,3,Cosmin Mihai Popescu,81.7400000000,0.6000000000,15.0000000000,PARTIDUL DEMOCRAT LIBERAL,PDL
154,GJ,20.0000000000,GORJ,JUDEȚUL GORJ,4,Constantin Severus Militaru,74.5000000000,0.9300000000,15.0000000000,PARTIDUL DEMOCRAT LIBERAL,PDL
155,GJ,20.0000000000,GORJ,JUDEȚUL GORJ,5,Vasile Popeangă,67.8400000000,2.5900000000,61.0000000000,PARTIDUL SOCIAL DEMOCRAT,PSD
156,GJ,20.0000000000,GORJ,JUDEȚUL GORJ,6,Victor Ponta,25.8600000000,2.9900000000,61.0000000000,PARTIDUL SOCIAL DEMOCRAT,PSD
157,GL,18.0000000000,GALAȚI,JUDEȚUL GALAȚI,1,Victor Paul Dobre,55.1100000000,2.8500000000,31.0000000000,PARTIDUL NAȚIONAL LIBERAL,PNL
158,GL,18.0000000000,GALAȚI,JUDEȚUL GALAȚI,2,Mircea Nicu Toader,73.1200000000,0.3700000000,15.0000000000,PARTIDUL DEMOCRAT LIBERAL,PDL
159,GL,18.0000000000,GALAȚI,JUDEȚUL GALAȚI,3,Carmen Axenie,64.4500000000,0.5000000000,15.0000000000,PARTIDUL DEMOCRAT LIBERAL,PDL
160,GL,18.0000000000,GALAȚI,JUDEȚUL GALAȚI,4,Viorel Ştefan,49.2200000000,2.9200000000,61.0000000000,PARTIDUL SOCIAL DEMOCRAT,PSD
161,GL,18.0000000000,GALAȚI,JUDEȚUL GALAȚI,5,Dan Nica,37.8700000000,0.7800000000,61.0000000000,PARTIDUL SOCIAL DEMOCRAT,PSD
162,GL,18.0000000000,GALAȚI,JUDEȚUL GALAȚI,6,Florin Costin Pâslaru,53.4600000000,5.7500000000,61.0000000000,PARTIDUL SOCIAL DEMOCRAT,PSD
163,GL,18.0000000000,GALAȚI,JUDEȚUL GALAȚI,7,Lucreția Roșca,53.6900000000,6.1400000000,61.0000000000,PARTIDUL SOCIAL DEMOCRAT,PSD
164,GL,18.0000000000,GALAȚI,JUDEȚUL GALAȚI,8,Liviu Bogdan Ciucă,42.9200000000,7.8800000000,31.0000000000,PARTIDUL NAȚIONAL LIBERAL,PNL
165,GL,18.0000000000,GALAȚI,JUDEȚUL GALAȚI,9,Mihail Boldea,34.9700000000,0.0000000000,999.0000000000,CANDIDAT INDEPENDENT,CI
166,GR,19.0000000000,GIURGIU,JUDEȚUL GIURGIU,1,Mădălin Ştefan Voicu,30.7100000000,29.3600000000,61.0000000000,PARTIDUL SOCIAL DEMOCRAT,PSD
167,GR,19.0000000000,GIURGIU,JUDEȚUL GIURGIU,2,Victor Boiangiu,55.1100000000,0.3700000000,15.0000000000,PARTIDUL DEMOCRAT LIBERAL,PDL
168,GR,19.0000000000,GIURGIU,JUDEȚUL GIURGIU,3,Dan Păsat,25.4800000000,0.6400000000,15.0000000000,PARTIDUL DEMOCRAT LIBERAL,PDL
169,GR,19.0000000000,GIURGIU,JUDEȚUL GIURGIU,4,Daniel Chitoiu,49.8900000000,2.5800000000,31.0000000000,PARTIDUL NAȚIONAL LIBERAL,PNL
170,HD,22.0000000000,HUNEDOARA,JUDEȚUL HUNEDOARA,1,Laurențiu Nistor,54.9600000000,2.8900000000,61.0000000000,PARTIDUL SOCIAL DEMOCRAT,PSD
171,HD,22.0000000000,HUNEDOARA,JUDEȚUL HUNEDOARA,2,Iosif Veniamin Blaga,67.0200000000,3.2500000000,15.0000000000,PARTIDUL DEMOCRAT LIBERAL,PDL
172,HD,22.0000000000,HUNEDOARA,JUDEȚUL HUNEDOARA,3,Mariana Campeanu,57.9500000000,5.6500000000,15.0000000000,PARTIDUL DEMOCRAT LIBERAL,PDL
173,HD,22.0000000000,HUNEDOARA,JUDEȚUL HUNEDOARA,4,Cornel Cristian Resmeriță,56.3400000000,4.6500000000,61.0000000000,PARTIDUL SOCIAL DEMOCRAT,PSD
174,HD,22.0000000000,HUNEDOARA,JUDEȚUL HUNEDOARA,5,Ridzi Monica Maria Iacob,31.0100000000,6.7100000000,15.0000000000,PARTIDUL DEMOCRAT LIBERAL,PDL
175,HD,22.0000000000,HUNEDOARA,JUDEȚUL HUNEDOARA,6,Radu Bogdan Timpau,41.0400000000,1.0600000000,31.0000000000,PARTIDUL NAȚIONAL LIBERAL,PNL
176,HD,22.0000000000,HUNEDOARA,JUDEȚUL HUNEDOARA,7,Viorel Arion,48.6100000000,1.7200000000,15.0000000000,PARTIDUL DEMOCRAT LIBERAL,PDL
177,HR,21.0000000000,HARGHITA,JUDEȚUL HARGHITA,1,Attila Korodi,51.0100000000,1.2100000000,38.0000000000,UNIUNEA DEMOCRATĂ MAGHIARĂ DIN ROMÂNIA,UDMR
178,HR,21.0000000000,HARGHITA,JUDEȚUL HARGHITA,2,Hunor Kelemen,21.1700000000,3.8500000000,38.0000000000,UNIUNEA DEMOCRATĂ MAGHIARĂ DIN ROMÂNIA,UDMR
179,HR,21.0000000000,HARGHITA,JUDEȚUL HARGHITA,3,István Antal,35.6500000000,3.4300000000,38.0000000000,UNIUNEA DEMOCRATĂ MAGHIARĂ DIN ROMÂNIA,UDMR
180,HR,21.0000000000,HARGHITA,JUDEȚUL HARGHITA,4,Árpád Pál,82.2200000000,1.7400000000,38.0000000000,UNIUNEA DEMOCRATĂ MAGHIARĂ DIN ROMÂNIA,UDMR
181,HR,21.0000000000,HARGHITA,JUDEȚUL HARGHITA,5,Mircea Duşa,58.8900000000,4.8100000000,61.0000000000,PARTIDUL SOCIAL DEMOCRAT,PSD
182,IF,25.0000000000,ILFOV,JUDEȚUL ILFOV,1,Gabriel Oprea,29.0500000000,0.0000000000,999.0000000000,CANDIDAT INDEPENDENT,CI
183,IF,25.0000000000,ILFOV,JUDEȚUL ILFOV,2,Mircea Marin,60.3700000000,3.3000000000,15.0000000000,PARTIDUL DEMOCRAT LIBERAL,PDL
184,IF,25.0000000000,ILFOV,JUDEȚUL ILFOV,3,Mihaela Ioana Șandru,58.0200000000,2.2900000000,15.0000000000,PARTIDUL DEMOCRAT LIBERAL,PDL
185,IF,25.0000000000,ILFOV,JUDEȚUL ILFOV,4,Călin-Popescu Tăriceanu,33.6900000000,3.2600000000,31.0000000000,PARTIDUL NAȚIONAL LIBERAL,PNL
186,IL,23.0000000000,IALOMIȚA,JUDEȚUL IALOMIȚA,1,Cristina Ancuta Pocora,47.5100000000,6.3300000000,31.0000000000,PARTIDUL NAȚIONAL LIBERAL,PNL
187,IL,23.0000000000,IALOMIȚA,JUDEȚUL IALOMIȚA,2,Marian Neacșu,69.7300000000,3.6200000000,61.0000000000,PARTIDUL SOCIAL DEMOCRAT,PSD
188,IL,23.0000000000,IALOMIȚA,JUDEȚUL IALOMIȚA,3,Dan-Mircea Popescu,52.4400000000,2.7600000000,61.0000000000,PARTIDUL SOCIAL DEMOCRAT,PSD
189,IL,23.0000000000,IALOMIȚA,JUDEȚUL IALOMIȚA,4,Tinel Gheorghe,80.4400000000,0.8500000000,15.0000000000,PARTIDUL DEMOCRAT LIBERAL,PDL
190,IS,24.0000000000,IAȘI,JUDEȚUL IAȘI,1,Luminița Iordache,63.6800000000,0.0000000000,999.0000000000,CANDIDAT INDEPENDENT,CI
191,IS,24.0000000000,IAȘI,JUDEȚUL IAȘI,2,Relu Fenechiu,27.9000000000,4.0700000000,31.0000000000,PARTIDUL NAȚIONAL LIBERAL,PNL
192,IS,24.0000000000,IAȘI,JUDEȚUL IAȘI,3,Petru Movilă,55.0600000000,2.1300000000,15.0000000000,PARTIDUL DEMOCRAT LIBERAL,PDL
193,IS,24.0000000000,IAȘI,JUDEȚUL IAȘI,4,Vasile Mocanu,62.5600000000,1.0000000000,61.0000000000,PARTIDUL SOCIAL DEMOCRAT,PSD
194,IS,24.0000000000,IAȘI,JUDEȚUL IAȘI,5,Neculai Rățoi,55.9000000000,2.3700000000,61.0000000000,PARTIDUL SOCIAL DEMOCRAT,PSD
195,IS,24.0000000000,IAȘI,JUDEȚUL IAȘI,6,Anghel Stanciu,44.4300000000,7.6000000000,61.0000000000,PARTIDUL SOCIAL DEMOCRAT,PSD
196,IS,24.0000000000,IAȘI,JUDEȚUL IAȘI,7,Cristian Mihai Adomniţei,48.4300000000,1.5900000000,31.0000000000,PARTIDUL NAȚIONAL LIBERAL,PNL
197,IS,24.0000000000,IAȘI,JUDEȚUL IAȘI,8,Tudor Ciuhodaru,56.2400000000,0.0000000000,999.0000000000,CANDIDAT INDEPENDENT,CI
198,IS,24.0000000000,IAȘI,JUDEȚUL IAȘI,9,Daniel Oajdea,60.4400000000,0.0000000000,999.0000000000,CANDIDAT INDEPENDENT,CI
199,IS,24.0000000000,IAȘI,JUDEȚUL IAȘI,10,Teodor – Marius Spînu,74.3900000000,4.6500000000,15.0000000000,PARTIDUL DEMOCRAT LIBERAL,PDL
200,IS,24.0000000000,IAȘI,JUDEȚUL IAȘI,11,Cristina Elena Dobre,58.8900000000,1.6300000000,15.0000000000,PARTIDUL DEMOCRAT LIBERAL,PDL
201,IS,24.0000000000,IAȘI,JUDEȚUL IAȘI,12,Nicușor Păduraru,79.5700000000,1.4100000000,15.0000000000,PARTIDUL DEMOCRAT LIBERAL,PDL
202,MH,27.0000000000,MEHEDINȚI,JUDEȚUL MEHEDINȚI,1,Cornel Ghiță,77.8400000000,0.8500000000,15.0000000000,PARTIDUL DEMOCRAT LIBERAL,PDL
203,MH,27.0000000000,MEHEDINȚI,JUDEȚUL MEHEDINȚI,2,Doinița Mariana Chircu,62.7900000000,0.4200000000,15.0000000000,PARTIDUL DEMOCRAT LIBERAL,PDL
204,MH,27.0000000000,MEHEDINȚI,JUDEȚUL MEHEDINȚI,3,Viorel Palasca,63.7800000000,2.3200000000,31.0000000000,PARTIDUL NAȚIONAL LIBERAL,PNL
205,MH,27.0000000000,MEHEDINȚI,JUDEȚUL MEHEDINȚI,4,Eugen Nicolicea,47.2800000000,0.0000000000,999.0000000000,CANDIDAT INDEPENDENT,CI
206,MM,26.0000000000,MARAMUREȘ,JUDEȚUL MARAMUREȘ,1,Gheorghe Zoicaș,69.2400000000,2.1200000000,31.0000000000,PARTIDUL NAȚIONAL LIBERAL,PNL
207,MM,26.0000000000,MARAMUREȘ,JUDEȚUL MARAMUREȘ,2,Cătălin Cherecheș,34.1200000000,0.0000000000,999.0000000000,CANDIDAT INDEPENDENT,CI
207,MM,26.0000000000,MARAMUREȘ,JUDEȚUL MARAMUREȘ,2,Radu Stroe,50.2100000000,2.5700000000,31.0000000000,PARTIDUL NAȚIONAL LIBERAL,PNL
208,MM,26.0000000000,MARAMUREȘ,JUDEȚUL MARAMUREȘ,3,Nicolae Bud,70.9000000000,4.2900000000,15.0000000000,PARTIDUL DEMOCRAT LIBERAL,PDL
209,MM,26.0000000000,MARAMUREȘ,JUDEȚUL MARAMUREȘ,4,Doru Brașoan Leșe,55.1900000000,10.1500000000,15.0000000000,PARTIDUL DEMOCRAT LIBERAL,PDL
210,MM,26.0000000000,MARAMUREȘ,JUDEȚUL MARAMUREȘ,5,Pavel Horj,46.4700000000,4.1700000000,31.0000000000,PARTIDUL NAȚIONAL LIBERAL,PNL
211,MM,26.0000000000,MARAMUREȘ,JUDEȚUL MARAMUREȘ,6,István Béres,76.9200000000,0.9100000000,38.0000000000,UNIUNEA DEMOCRATĂ MAGHIARĂ DIN ROMÂNIA,UDMR
212,MM,26.0000000000,MARAMUREȘ,JUDEȚUL MARAMUREȘ,7,Vasile Berci,62.3300000000,5.1700000000,31.0000000000,PARTIDUL NAȚIONAL LIBERAL,PNL
213,MS,28.0000000000,MUREȘ,JUDEȚUL MUREȘ,1,László Borbély,29.0700000000,1.3900000000,38.0000000000,UNIUNEA DEMOCRATĂ MAGHIARĂ DIN ROMÂNIA,UDMR
214,MS,28.0000000000,MUREȘ,JUDEȚUL MUREȘ,2,Mihai Doru Oprișcan,72.6900000000,3.6700000000,15.0000000000,PARTIDUL DEMOCRAT LIBERAL,PDL
215,MS,28.0000000000,MUREȘ,JUDEȚUL MUREȘ,3,Atilla Béla Ladislau Kelemen,43.7400000000,1.2900000000,38.0000000000,UNIUNEA DEMOCRATĂ MAGHIARĂ DIN ROMÂNIA,UDMR
216,MS,28.0000000000,MUREȘ,JUDEȚUL MUREȘ,4,Victor Socaciu,57.7700000000,1.3200000000,61.0000000000,PARTIDUL SOCIAL DEMOCRAT,PSD
217,MS,28.0000000000,MUREȘ,JUDEȚUL MUREȘ,5,Károly Kerekes,57.8700000000,5.0200000000,38.0000000000,UNIUNEA DEMOCRATĂ MAGHIARĂ DIN ROMÂNIA,UDMR
218,MS,28.0000000000,MUREȘ,JUDEȚUL MUREȘ,6,Toader Stroian,69.7300000000,1.1200000000,15.0000000000,PARTIDUL DEMOCRAT LIBERAL,PDL
219,MS,28.0000000000,MUREȘ,JUDEȚUL MUREȘ,7,Ciprian Minodor Dobre,39.9600000000,1.2400000000,31.0000000000,PARTIDUL NAȚIONAL LIBERAL,PNL
220,MS,28.0000000000,MUREȘ,JUDEȚUL MUREȘ,8,Vasile Ghiorghe Gliga,65.5700000000,4.4000000000,61.0000000000,PARTIDUL SOCIAL DEMOCRAT,PSD
221,NT,29.0000000000,NEAMȚ,JUDEȚUL NEAMȚ,1,Eftemie Stelian Ghiță,82.2200000000,0.8300000000,15.0000000000,PARTIDUL DEMOCRAT LIBERAL,PDL
222,NT,29.0000000000,NEAMȚ,JUDEȚUL NEAMȚ,2,Mihaela Stoica,43.7900000000,1.8700000000,15.0000000000,PARTIDUL DEMOCRAT LIBERAL,PDL
223,NT,29.0000000000,NEAMȚ,JUDEȚUL NEAMȚ,3,Culiță Tărâță,55.1600000000,0.0000000000,999.0000000000,CANDIDAT INDEPENDENT,CI
224,NT,29.0000000000,NEAMȚ,JUDEȚUL NEAMȚ,4,Marius Neculai,71.1300000000,1.6900000000,15.0000000000,PARTIDUL DEMOCRAT LIBERAL,PDL
225,NT,29.0000000000,NEAMȚ,JUDEȚUL NEAMȚ,5,Ioan Munteanu,84.9300000000,21.5700000000,61.0000000000,PARTIDUL SOCIAL DEMOCRAT,PSD
226,NT,29.0000000000,NEAMȚ,JUDEȚUL NEAMȚ,6,Adrian Rădulescu,65.4500000000,3.8600000000,15.0000000000,PARTIDUL DEMOCRAT LIBERAL,PDL
227,NT,29.0000000000,NEAMȚ,JUDEȚUL NEAMȚ,7,Marius Rogin,65.5200000000,1.3600000000,15.0000000000,PARTIDUL DEMOCRAT LIBERAL,PDL
228,NT,29.0000000000,NEAMȚ,JUDEȚUL NEAMȚ,8,Emil Bostan,60.9000000000,0.0000000000,999.0000000000,CANDIDAT INDEPENDENT,CI
229,OT,30.0000000000,OLT,JUDEȚUL OLT,1,Daniel Ionuț Bărbulescu,58.7900000000,0.9400000000,61.0000000000,PARTIDUL SOCIAL DEMOCRAT,PSD
230,OT,30.0000000000,OLT,JUDEȚUL OLT,2,Nicolae Stan,52.7900000000,1.9500000000,61.0000000000,PARTIDUL SOCIAL DEMOCRAT,PSD
231,OT,30.0000000000,OLT,JUDEȚUL OLT,3,Marin Bobeş,34.9900000000,1.5200000000,61.0000000000,PARTIDUL SOCIAL DEMOCRAT,PSD
232,OT,30.0000000000,OLT,JUDEȚUL OLT,4,Valeriu Steriu,62.9700000000,0.0000000000,999.0000000000,CANDIDAT INDEPENDENT,CI
233,OT,30.0000000000,OLT,JUDEȚUL OLT,5,Florin Iordache,44.9600000000,1.8100000000,61.0000000000,PARTIDUL SOCIAL DEMOCRAT,PSD
234,OT,30.0000000000,OLT,JUDEȚUL OLT,6,Gigel Sorinel Știrbu,35.9100000000,2.0300000000,31.0000000000,PARTIDUL NAȚIONAL LIBERAL,PNL
235,OT,30.0000000000,OLT,JUDEȚUL OLT,7,Doru Claudian Frunzulică,25.5000000000,0.0000000000,999.0000000000,CANDIDAT INDEPENDENT,CI
236,PH,31.0000000000,PRAHOVA,JUDEȚUL PRAHOVA,1,Cristian Ion Burlacu,69.9600000000,2.4400000000,15.0000000000,PARTIDUL DEMOCRAT LIBERAL,PDL
237,PH,31.0000000000,PRAHOVA,JUDEȚUL PRAHOVA,2,Florin Serghei Anghel,57.0500000000,1.0100000000,15.0000000000,PARTIDUL DEMOCRAT LIBERAL,PDL
238,PH,31.0000000000,PRAHOVA,JUDEȚUL PRAHOVA,3,Graţiela-Leocadia Gavrilescu,61.8200000000,1.2400000000,31.0000000000,PARTIDUL NAȚIONAL LIBERAL,PNL
239,PH,31.0000000000,PRAHOVA,JUDEȚUL PRAHOVA,4,Marian Florian Săniuţă,68.7100000000,0.0000000000,999.0000000000,CANDIDAT INDEPENDENT,CI
240,PH,31.0000000000,PRAHOVA,JUDEȚUL PRAHOVA,5,Mihai Cristian Apostolache,65.7200000000,1.5000000000,15.0000000000,PARTIDUL DEMOCRAT LIBERAL,PDL
241,PH,31.0000000000,PRAHOVA,JUDEȚUL PRAHOVA,6,Răzvan Țurea,58.4500000000,0.0000000000,999.0000000000,CANDIDAT INDEPENDENT,CI
242,PH,31.0000000000,PRAHOVA,JUDEȚUL PRAHOVA,7,Ana Adriana Saftoiu,54.3700000000,3.4400000000,31.0000000000,PARTIDUL NAȚIONAL LIBERAL,PNL
243,PH,31.0000000000,PRAHOVA,JUDEȚUL PRAHOVA,8,Adrian Năstase,38.7400000000,0.3400000000,61.0000000000,PARTIDUL SOCIAL DEMOCRAT,PSD
244,PH,31.0000000000,PRAHOVA,JUDEȚUL PRAHOVA,9,George Ionescu,74.6500000000,0.8800000000,15.0000000000,PARTIDUL DEMOCRAT LIBERAL,PDL
245,PH,31.0000000000,PRAHOVA,JUDEȚUL PRAHOVA,10,Sever Voinescu,58.1700000000,1.1500000000,15.0000000000,PARTIDUL DEMOCRAT LIBERAL,PDL
246,PH,31.0000000000,PRAHOVA,JUDEȚUL PRAHOVA,11,Roberta Anastase,71.1300000000,1.5500000000,15.0000000000,PARTIDUL DEMOCRAT LIBERAL,PDL
247,PH,31.0000000000,PRAHOVA,JUDEȚUL PRAHOVA,12,Andrei Valentin Sava,62.9700000000,2.0800000000,61.0000000000,PARTIDUL SOCIAL DEMOCRAT,PSD
248,SB,34.0000000000,SIBIU,JUDEȚUL SIBIU,1,Cornel Ştirbeţ,67.9200000000,1.1100000000,15.0000000000,PARTIDUL DEMOCRAT LIBERAL,PDL
249,SB,34.0000000000,SIBIU,JUDEȚUL SIBIU,2,Raluca Turcan,61.0300000000,2.8100000000,15.0000000000,PARTIDUL DEMOCRAT LIBERAL,PDL
250,SB,34.0000000000,SIBIU,JUDEȚUL SIBIU,3,Gheorghe Roman,75.9500000000,0.0000000000,999.0000000000,CANDIDAT INDEPENDENT,CI
251,SB,34.0000000000,SIBIU,JUDEȚUL SIBIU,4,Ioan Cindrea,59.1900000000,2.1300000000,61.0000000000,PARTIDUL SOCIAL DEMOCRAT,PSD
252,SB,34.0000000000,SIBIU,JUDEȚUL SIBIU,5,Mircea Silvestru Lup,57.8200000000,3.0300000000,61.0000000000,PARTIDUL SOCIAL DEMOCRAT,PSD
253,SB,34.0000000000,SIBIU,JUDEȚUL SIBIU,6,Mircea Vasile Cazan,44.2700000000,1.5900000000,31.0000000000,PARTIDUL NAȚIONAL LIBERAL,PNL
254,SJ,33.0000000000,SĂLAJ,JUDEȚUL SĂLAJ,1,Lucian Nicolae Bode,70.1600000000,0.6500000000,15.0000000000,PARTIDUL DEMOCRAT LIBERAL,PDL
255,SJ,33.0000000000,SĂLAJ,JUDEȚUL SĂLAJ,2,Dénes Seres,78.3200000000,0.9400000000,38.0000000000,UNIUNEA DEMOCRATĂ MAGHIARĂ DIN ROMÂNIA,UDMR
256,SJ,33.0000000000,SĂLAJ,JUDEȚUL SĂLAJ,3,Iuliu Nosa,70.3100000000,1.4300000000,61.0000000000,PARTIDUL SOCIAL DEMOCRAT,PSD
257,SJ,33.0000000000,SĂLAJ,JUDEȚUL SĂLAJ,4,Gheorghe Mirel Taloş,55.3200000000,1.7400000000,31.0000000000,PARTIDUL NAȚIONAL LIBERAL,PNL
258,SM,32.0000000000,SATU MARE,JUDEȚUL SATU MARE,1,Gheorghe Ciocan,69.4200000000,0.6800000000,61.0000000000,PARTIDUL SOCIAL DEMOCRAT,PSD
259,SM,32.0000000000,SATU MARE,JUDEȚUL SATU MARE,2,Ioan Holdiș,61.6400000000,1.3600000000,15.0000000000,PARTIDUL DEMOCRAT LIBERAL,PDL
260,SM,32.0000000000,SATU MARE,JUDEȚUL SATU MARE,3,Viorel Vasile Buda,62.4600000000,2.8300000000,31.0000000000,PARTIDUL NAȚIONAL LIBERAL,PNL
261,SM,32.0000000000,SATU MARE,JUDEȚUL SATU MARE,4,Attila Varga,61.5400000000,1.7900000000,38.0000000000,UNIUNEA DEMOCRATĂ MAGHIARĂ DIN ROMÂNIA,UDMR
262,SM,32.0000000000,SATU MARE,JUDEȚUL SATU MARE,5,István Erdei-Dolóczki,83.1900000000,1.9200000000,38.0000000000,UNIUNEA DEMOCRATĂ MAGHIARĂ DIN ROMÂNIA,UDMR
263,SV,35.0000000000,SUCEAVA,JUDEȚUL SUCEAVA,1,Sanda-Maria Ardeleanu,58.9600000000,0.2000000000,15.0000000000,PARTIDUL DEMOCRAT LIBERAL,PDL
264,SV,35.0000000000,SUCEAVA,JUDEȚUL SUCEAVA,2,Ioan Balan,59.0700000000,0.4500000000,15.0000000000,PARTIDUL DEMOCRAT LIBERAL,PDL
265,SV,35.0000000000,SUCEAVA,JUDEȚUL SUCEAVA,3,Eugen Constantin Uricec,60.5500000000,0.5500000000,61.0000000000,PARTIDUL SOCIAL DEMOCRAT,PSD
266,SV,35.0000000000,SUCEAVA,JUDEȚUL SUCEAVA,4,Cătălin Ioan Nechifor,34.8400000000,3.6100000000,61.0000000000,PARTIDUL SOCIAL DEMOCRAT,PSD
267,SV,35.0000000000,SUCEAVA,JUDEȚUL SUCEAVA,5,Ioan Stan,63.2700000000,0.9200000000,61.0000000000,PARTIDUL SOCIAL DEMOCRAT,PSD
268,SV,35.0000000000,SUCEAVA,JUDEȚUL SUCEAVA,6,Mircea Irimescu,72.1800000000,5.8200000000,31.0000000000,PARTIDUL NAȚIONAL LIBERAL,PNL
269,SV,35.0000000000,SUCEAVA,JUDEȚUL SUCEAVA,7,Gheorghe Coroama,60.6500000000,1.7000000000,61.0000000000,PARTIDUL SOCIAL DEMOCRAT,PSD
270,SV,35.0000000000,SUCEAVA,JUDEȚUL SUCEAVA,8,Eugen Bejinariu,52.3100000000,1.5700000000,61.0000000000,PARTIDUL SOCIAL DEMOCRAT,PSD
271,SV,35.0000000000,SUCEAVA,JUDEȚUL SUCEAVA,9,Dumitru Pardău,70.1100000000,0.7200000000,31.0000000000,PARTIDUL NAȚIONAL LIBERAL,PNL
272,SV,35.0000000000,SUCEAVA,JUDEȚUL SUCEAVA,10,Gabriel Dan Gospodaru,65.8500000000,0.8300000000,15.0000000000,PARTIDUL DEMOCRAT LIBERAL,PDL
273,TL,38.0000000000,TULCEA,JUDEȚUL TULCEA,1,Marian Avram,78.1400000000,0.0000000000,999.0000000000,CANDIDAT INDEPENDENT,CI
274,TL,38.0000000000,TULCEA,JUDEȚUL TULCEA,2,Mihai Stroe,82.2200000000,0.6600000000,15.0000000000,PARTIDUL DEMOCRAT LIBERAL,PDL
275,TL,38.0000000000,TULCEA,JUDEȚUL TULCEA,3,Octavian Marius Popa,55.9600000000,7.0300000000,31.0000000000,PARTIDUL NAȚIONAL LIBERAL,PNL
276,TL,38.0000000000,TULCEA,JUDEȚUL TULCEA,4,Horia Teodorescu,35.0700000000,1.7700000000,61.0000000000,PARTIDUL SOCIAL DEMOCRAT,PSD
277,TM,37.0000000000,TIMIȘ,JUDEȚUL TIMIȘ,1,Horia Cristian,67.5300000000,2.8100000000,31.0000000000,PARTIDUL NAȚIONAL LIBERAL,PNL
278,TM,37.0000000000,TIMIȘ,JUDEȚUL TIMIȘ,2,Ștefan Iosif Drăgulescu,59.9600000000,8.5700000000,15.0000000000,PARTIDUL DEMOCRAT LIBERAL,PDL
279,TM,37.0000000000,TIMIȘ,JUDEȚUL TIMIȘ,3,Marius Cristinel Dugulescu,82.0200000000,1.6800000000,15.0000000000,PARTIDUL DEMOCRAT LIBERAL,PDL
280,TM,37.0000000000,TIMIȘ,JUDEȚUL TIMIȘ,4,Maria Eugenia Barna,58.6300000000,0.0000000000,999.0000000000,CANDIDAT INDEPENDENT,CI
281,TM,37.0000000000,TIMIȘ,JUDEȚUL TIMIȘ,5,Alin Augustin Florin Popoviciu,58.5800000000,0.9700000000,15.0000000000,PARTIDUL DEMOCRAT LIBERAL,PDL
282,TM,37.0000000000,TIMIȘ,JUDEȚUL TIMIȘ,6,Valeriu Tabără,41.5200000000,1.6800000000,15.0000000000,PARTIDUL DEMOCRAT LIBERAL,PDL
283,TM,37.0000000000,TIMIȘ,JUDEȚUL TIMIȘ,7,Sorin Constantin Stragea,58.9900000000,0.9700000000,61.0000000000,PARTIDUL SOCIAL DEMOCRAT,PSD
284,TM,37.0000000000,TIMIȘ,JUDEȚUL TIMIȘ,8,Claudiu Taga,62.7900000000,0.0000000000,999.0000000000,CANDIDAT INDEPENDENT,CI
285,TM,37.0000000000,TIMIȘ,JUDEȚUL TIMIȘ,9,Dorel Covaci,58.8400000000,3.7600000000,61.0000000000,PARTIDUL SOCIAL DEMOCRAT,PSD
286,TM,37.0000000000,TIMIȘ,JUDEȚUL TIMIȘ,10,Gheorghe Ciobanu,82.4500000000,0.5100000000,61.0000000000,PARTIDUL SOCIAL DEMOCRAT,PSD
287,TR,36.0000000000,TELEORMAN,JUDEȚUL TELEORMAN,1,Robert Sorin Negoiță,30.4300000000,1.7700000000,61.0000000000,PARTIDUL SOCIAL DEMOCRAT,PSD
288,TR,36.0000000000,TELEORMAN,JUDEȚUL TELEORMAN,2,Nicolae Bănicioiu,30.0200000000,1.6900000000,61.0000000000,PARTIDUL SOCIAL DEMOCRAT,PSD
289,TR,36.0000000000,TELEORMAN,JUDEȚUL TELEORMAN,3,Adrian Bădulescu,68.1700000000,1.8400000000,15.0000000000,PARTIDUL DEMOCRAT LIBERAL,PDL
290,TR,36.0000000000,TELEORMAN,JUDEȚUL TELEORMAN,4,Adrian Florescu,76.5100000000,0.5100000000,15.0000000000,PARTIDUL DEMOCRAT LIBERAL,PDL
291,TR,36.0000000000,TELEORMAN,JUDEȚUL TELEORMAN,5,George Ionut Dumitrica,61.0600000000,0.9100000000,31.0000000000,PARTIDUL NAȚIONAL LIBERAL,PNL
292,TR,36.0000000000,TELEORMAN,JUDEȚUL TELEORMAN,6,Marin Almăjanu,33.2600000000,1.6900000000,31.0000000000,PARTIDUL NAȚIONAL LIBERAL,PNL
293,VL,40.0000000000,VÂLCEA,JUDEȚUL VÂLCEA,1,Sorin Ștefan Zamfirescu,80.2100000000,12.9900000000,15.0000000000,PARTIDUL DEMOCRAT LIBERAL,PDL
294,VL,40.0000000000,VÂLCEA,JUDEȚUL VÂLCEA,2,Samoil Vîlcu,72.6100000000,1.8800000000,15.0000000000,PARTIDUL DEMOCRAT LIBERAL,PDL
295,VL,40.0000000000,VÂLCEA,JUDEȚUL VÂLCEA,3,Constantin Mazilu,54.9100000000,0.0000000000,999.0000000000,CANDIDAT INDEPENDENT,CI
296,VL,40.0000000000,VÂLCEA,JUDEȚUL VÂLCEA,4,Vasile Bleotu,40.2400000000,2.3000000000,61.0000000000,PARTIDUL SOCIAL DEMOCRAT,PSD
297,VL,40.0000000000,VÂLCEA,JUDEȚUL VÂLCEA,5,Cristian Buican,55.3900000000,1.2200000000,31.0000000000,PARTIDUL NAȚIONAL LIBERAL,PNL
298,VL,40.0000000000,VÂLCEA,JUDEȚUL VÂLCEA,6,Aurel Vlădoiu,63.5800000000,0.6300000000,61.0000000000,PARTIDUL SOCIAL DEMOCRAT,PSD
299,VN,41.0000000000,VRANCEA,JUDEȚUL VRANCEA,1,Răzvan Mustea-Șerban,69.1400000000,0.1600000000,15.0000000000,PARTIDUL DEMOCRAT LIBERAL,PDL
300,VN,41.0000000000,VRANCEA,JUDEȚUL VRANCEA,2,Angel Tîlvăr,54.3500000000,2.1900000000,61.0000000000,PARTIDUL SOCIAL DEMOCRAT,PSD
301,VN,41.0000000000,VRANCEA,JUDEȚUL VRANCEA,3,Nini Săpunaru,34.0000000000,2.8000000000,31.0000000000,PARTIDUL NAȚIONAL LIBERAL,PNL
302,VN,41.0000000000,VRANCEA,JUDEȚUL VRANCEA,4,Cristian Sorin Dumitrescu,40.1400000000,11.3100000000,61.0000000000,PARTIDUL SOCIAL DEMOCRAT,PSD
303,VN,41.0000000000,VRANCEA,JUDEȚUL VRANCEA,5,Alin Silviu Trășculescu,60.4700000000,0.1200000000,15.0000000000,PARTIDUL DEMOCRAT LIBERAL,PDL
304,VN,41.0000000000,VRANCEA,JUDEȚUL VRANCEA,6,Nicolae Ciprian Nica,42.6400000000,2.3100000000,61.0000000000,PARTIDUL SOCIAL DEMOCRAT,PSD
305,VS,39.0000000000,VASLUI,JUDEȚUL VASLUI,1,Victor Cristea,55.9000000000,1.1300000000,61.0000000000,PARTIDUL SOCIAL DEMOCRAT,PSD
306,VS,39.0000000000,VASLUI,JUDEȚUL VASLUI,2,Dan Bordeianu,50.2900000000,12.1400000000,31.0000000000,PARTIDUL NAȚIONAL LIBERAL,PNL
307,VS,39.0000000000,VASLUI,JUDEȚUL VASLUI,3,Dragos Iftimie,48.7900000000,2.4400000000,15.0000000000,PARTIDUL DEMOCRAT LIBERAL,PDL
308,VS,39.0000000000,VASLUI,JUDEȚUL VASLUI,4,Adrian Solomon,55.6500000000,3.4700000000,61.0000000000,PARTIDUL SOCIAL DEMOCRAT,PSD
309,VS,39.0000000000,VASLUI,JUDEȚUL VASLUI,5,Viorel Carare,75.4400000000,2.1300000000,15.0000000000,PARTIDUL DEMOCRAT LIBERAL,PDL
310,VS,39.0000000000,VASLUI,JUDEȚUL VASLUI,6,Dan Mihai Marian,45.8600000000,0.3700000000,15.0000000000,PARTIDUL DEMOCRAT LIBERAL,PDL
311,VS,39.0000000000,VASLUI,JUDEȚUL VASLUI,7,Marian Sârbu,32.8700000000,0.0000000000,999.0000000000,CANDIDAT INDEPENDENT,CI
